Date,Total credit,Credit per day
2004-05-19,163498.45,
2004-05-27,520721.63,
2004-07-08,2094014.03,
2004-07-09,2323001.1,
2004-07-13,3193197.97,
2004-10-11,257196227,
2004-10-12,259424580,2228353
2004-10-13,261197581,
2004-10-14,262864243,1666662
2004-10-15,273728406,10864163
2004-10-16,289655757,
2004-10-17,306678699,17022942
2004-10-25,363728359,
2004-11-28,616259270,
2004-11-29,623888895,7629625
2004-12-12,733298576,
2005-01-23,1092314496,
2005-01-24,1097617920,5303424
2005-01-26,1111261696,
2005-01-27,1118397824,7136128
2005-01-29,1136800512,
2005-01-30,1145161344,8360832
2005-02-01,1159717504,
2005-02-02,1162834304,3116800
2005-02-03,1163362304,
2005-02-04,1184621568,21259264
2005-02-05,1193351168,2744704
2005-02-08,1201615232,
2005-02-09,1208526976,6911744
2005-02-16,1306494464,
2005-02-17,1320637056,14142592
2005-02-19,1346748928,
2005-02-20,1350268800,3519872
2005-02-21,1354336896,
2005-02-22,1364110976,9774080
2005-02-24,1382458122,
2005-02-25,1391417984,16092544
2005-02-26,1392637824,
2005-02-27,1397546880,4909056
2005-02-28,1435261184,4453248
2005-03-01,1440219173,
2005-03-02,1450307968,
2005-03-03,1461565056,
2005-03-06,1477507584,
2005-03-07,1483689088,6181504
2005-03-31,1768921994,
2006-02-07,7369418911,
2006-02-09,7438829316,
2006-02-14,7639041723,
2006-02-15,7670230054,31188331
2006-02-16,7708590513,38360460
2006-02-20,7804960106,
2006-02-21,7820935159,15975053
2006-02-28,8114755129,
2006-03-01,8152716571,37961442
2006-03-21,8937131813,
2006-03-22,8977294604,
2006-03-23,9016201580,
2006-03-24,9061945766,
2006-03-25,9097596929,
2006-03-26,9109224836,
2006-03-27,9125434139,
2006-03-28,9210085301,
2006-03-29,9267364371,
2006-03-30,9283643441,
2006-03-31,9324364371,
2006-04-01,9370922511,
2006-04-02,9409015534,
2006-04-03,9447108557,
2006-04-04,9489434139,
2006-04-05,9531759720,
2006-04-06,9574085301,
2006-04-07,9612178325,
2006-04-08,9654503906,
2006-04-09,9696829487,
2006-04-10,9739155069,
2006-04-11,9781480650,
2006-04-12,9828038790,
2006-04-13,9870364371,
2006-04-14,9912689953,
2006-04-15,9955015534,
2006-04-16,9993108557,
2006-04-17,10035434139,
2006-04-18,10073527162,
2006-04-19,10115852743,
2006-04-20,10158178325,
2006-04-27,10454833542,
2006-04-28,10498935287,44101745
2006-05-02,10656400632,
2006-05-03,10695681738,39281106
2006-05-23,11472338287,
2006-05-24,11510028187,37689900
2006-06-14,12293313233,
2006-06-15,12332942987,39629754
2006-06-19,12451984287,
2006-06-25,12703833319,
2006-07-01,12936110392,
2006-07-02,12972351002,36240610
2006-07-08,13138428357,
2006-07-09,13223307613,46579264
2006-07-13,13335995111,
2006-07-14,13375168818,39173707
2006-07-18,13520892027,
2006-07-19,13558936550,38044523
2006-07-20,13594279395,
2006-07-21,13630643983,36364588
2006-08-21,14819644847,
2006-08-26,15021482362,
2006-08-31,15214543056,
2006-09-01,15241524027,41810087
2006-09-08,15685999311,
2006-10-12,17035938366,
2006-10-13,17078385726,42447360
2006-11-07,18227253190,
2006-11-08,18275498939,48245749
2006-11-17,18714085836,
2006-12-05,19584350592,
2006-12-06,19639049248,54698656
2006-12-15,20015625016,
2006-12-16,20069916119,54291103
2006-12-19,20263095488,
2006-12-20,20311759508,48664020
2006-12-23,20456684801,
2006-12-24,20504962740,48277939
2007-01-01,20814890653,
2007-01-05,20978551238,
2007-01-06,21029387383,50836145
2007-01-10,21215504209,
2007-01-11,21254186616,38682407
2007-01-15,21481739517,
2007-01-16,21536395621,54656104
2007-01-20,21725560023,
2007-01-21,21868185493,142625470
2007-01-26,22121975468,
2007-01-27,22169086826,47111358
2007-02-01,22364115095,
2007-02-02,22413538278,49423183
2007-02-08,22748582825,
2007-02-09,22787770942,39188117
2007-02-16,23102234759,
2007-02-17,23144980996,42746237
2007-02-24,23524268711,
2007-02-25,23565902083,41633372
2007-03-04,23927694848,
2007-03-05,23979355223,51660375
2007-03-13,24341651639,
2007-03-14,24398743353,57091714
2007-03-28,25147236492,
2007-03-29,25201297716,54061224
2007-04-28,26893087150,
2007-05-19,27742624842,
2007-05-20,27786123016,43498174
2007-06-20,29371634218,
2007-06-21,29376927413,5293195
2007-06-22,29480423520,51770634
2007-07-12,30606784279,
2007-07-13,30660910381,54126102
2007-07-26,31342014314,
2007-07-27,31394158196,52143882
2007-08-07,31945015317,
2007-08-08,32004711879,59696562
2007-08-17,32470016173,
2007-08-21,32717406865,
2007-08-22,32770806082,53399217
2007-09-21,34617190333,
2007-09-22,34681050424,63860091
2007-10-01,35217347765,
2007-10-02,35254312222,36964457
2007-10-04,35398903499,
2007-10-05,35467956533,69053034
2007-10-06,35622666048,75478273
2007-10-07,35622666048,
2007-10-08,35691200178,68534130
2007-10-10,35826082854,
2007-10-11,35880725178,54642324
2007-10-12,36041215311,73502830
2007-10-13,36108597418,
2007-10-14,36178027914,69430496
2007-10-21,36604853028,
2007-10-22,36671783815,66930787
2007-10-29,37181242698,
2007-10-30,37250507399,69264701
2007-11-02,37479616051,
2007-11-03,37562404021,82787970
2007-12-02,39927653570,
2007-12-03,40006622042,78968472
2007-12-29,42128986518,
2008-01-02,42449584361,
2008-01-03,42524729455,75145094
2008-02-29,47828336146,
2008-03-04,48188863991,
2008-03-05,48259137426,70273435
2008-04-05,51587063112,
2008-04-06,51720531204,133468092
2008-04-29,54255391872,
2008-05-05,54926551546,
2008-05-06,55031545086,104993540
2008-05-09,55494452577,
2008-06-05,58612677262,
2008-06-06,58766030695,153353433
2008-08-06,66089290598,
2008-08-07,66166507570,77216972
2008-08-12,66716153771,
2008-08-13,66780006522,63852751
2008-09-06,69356266004,
2008-09-07,69463149860,106883856
2008-09-08,69463149860,
2008-09-09,69565295395,102145535
2008-09-10,69686198851,120903456
2008-09-11,69924513421,
2008-09-12,70040565401,116051980
2008-09-13,70144795600,
2008-10-12,73324452799,
2008-10-13,73439145671,114692872
2008-12-15,81627136739,
2008-12-16,81768840910,141704171
2009-02-08,89132814396,
2009-02-09,89279577363,146762967
2009-02-15,91028415897,
2009-03-11,94556097199,
2009-03-12,94707266485,151169286
2009-04-10,98636013988,
2009-04-11,98802761771,166747783
2009-04-16,99575837278,
2009-05-11,103885087010,
2009-05-12,104077526057,192439047
2009-06-18,110920438691,
2009-06-22,118863556821,
2009-06-23,119085636803,222079982
2009-08-28,127754379867,
2009-11-07,147222884432,
2010-01-07,167174798503,
2010-01-31,178644466613,
2010-02-23,189296014322,
2010-02-24,189910596577,614582255
2010-02-28,191877849553,
2010-03-09,196646076326,
2010-03-26,205414867969,
2010-03-27,205918841676,503973707
2010-03-31,207987057530,
2010-04-29,223217858335,
2010-04-30,223753612697,535754362
2010-05-09,228554497122,
2010-05-31,240990149199,
2010-06-13,247909395680,
2010-06-14,248425832881,516437201
2010-06-30,257586141947,
2010-07-09,262212197435,
2010-07-14,264906175977,
2010-07-15,265388971793,482795816
2010-07-31,274214242903,
2010-08-10,280100111947,
2010-08-11,280656528081,556416134
2010-08-31,292017454624,
2010-09-30,311011587795,
2010-10-31,333292616946,
2010-11-29,356402529793,
2010-11-30,357279776412,877246619
2010-12-23,378742557991,
2010-12-24,379806887058,1064329067
2010-12-31,386442526896,
2011-01-22,409567742271,
2011-01-23,410767902661,1200160390
2011-02-11,431140361918,
2011-03-13,465708831609,
2011-03-14,466891417813,1182586204
2011-03-31,486327458800,
2011-04-12,499670408244,
2011-04-25,514202891277,
2011-04-26,515292438017,1089546740
2011-05-27,601905105173,
2011-05-28,602980064899,1074959726
2011-05-30,606412405989,
2011-06-27,638057446912,
2011-06-28,639214008237,1156561325
2011-06-29,640159227626,
2011-06-30,641333672432,
2011-07-28,668335909665,
2011-07-29,669335275672,999366007
2011-07-31,672422338134,
2011-08-07,678865874934,
2011-08-20,691742220094,
2011-08-21,692786517697,1044297603
2011-08-27,699009815493,
2011-08-28,699668928983,659113490
2011-08-29,700651281606,
2011-08-31,702912295126,
2011-09-01,703857992416,
2011-09-02,704838676496,980684080
2011-09-26,729557241681,
2011-09-30,735088713582,
2011-10-29,765352741079,
2011-10-31,768694466672,
2011-11-01,769606561832,
2011-11-02,770663015720,1056453888
2011-11-30,800934572076,
2011-12-28,832055440688,
2012-01-01,836234443035,
2012-01-02,837437682705,1203239670
2012-01-31,870446780712,
2012-02-02,872686686700,
2012-02-03,873827560634,1140873934
2012-02-13,887071452755,
2012-02-29,904761705696,
2012-03-02,907078516188,
2012-03-03,908692786499,1614270311
2012-04-14,910418137747,
2012-04-15,911723115518,1304977771
2012-04-16,913068956836,1345841318
2012-04-17,914347540107,1278583271
2012-04-18,915572216850,1224676742
2012-04-19,916983694489,1411477639
2012-04-20,918278093821,1294399333
2012-04-21,919557246874,1279153052
2012-04-22,920496089673,938842799
2012-04-23,922155189795,1659100121
2012-04-24,923463353761,1308163966
2012-04-25,924638006998,1174653237
2012-04-26,926010281065,1372274067
2012-04-27,927287800045,1277518980
2012-04-28,928491801036,1204000991
2012-04-29,929675543441,1183742404
2012-04-30,930872076090,1196532649
2012-05-01,932123175220,1251099130
2012-05-02,933363070580,1239895360
2012-05-03,934532177204,1169106624
2012-05-04,935698295875,1166118671
2012-05-05,936896153049,1197857174
2012-05-06,938058071603,1161918554
2012-05-07,939424154224,1366082621
2012-05-08,940675337199,1251182975
2012-05-09,941896296270,1220959071
2012-05-10,943163001102,1266704832
2012-05-11,944406258545,1243257443
2012-05-12,945638270768,1232012224
2012-05-12,945638270768,1232012224
2012-05-13,946809708097,1171437329
2012-05-13,946809708097,1171437329
2012-05-14,948122275871,1312567774
2012-05-14,948122275871,1312567774
2012-05-15,949379860231,1257584360
2012-05-15,949379860231,1257584360
2012-05-16,950560733051,1180872820
2012-05-16,950560733051,1180872820
2012-05-17,951716882965,1156149914
2012-05-18,952861139341,1144256376
2012-05-19,953997050269,1135910928
2012-05-20,955436663219,1439612950
2012-05-21,956679395236,1242732017
2012-05-22,957905313506,1225918270
2012-05-23,959113548202,1208234696
2012-05-24,960348840443,1235292240
2012-05-25,961566693305,1217852863
2012-05-26,962764383706,1197690401
2012-05-27,963941261720,1176878014
2012-05-28,965131769006,1190507286
2012-05-29,966389115106,1257346100
2012-05-30,967603896834,1214781728
2012-05-31,968750819272,1146922437
2012-06-01,969877314503,1126495232
2012-06-02,971196537335,1319222832
2012-06-03,972413297003,1216759667
2012-06-04,973571240131,1157943128
2012-06-05,974827304949,1256064818
2012-06-06,976040264235,1212959286
2012-06-07,977320992035,1280727800
2012-06-08,978578797369,1257805334
2012-06-09,979824437731,1245640362
2012-06-10,981105518808,1281081077
2012-06-11,982391030203,1285511395
2012-06-12,983549546083,1158515880
2012-06-13,984932478934,1382932851
2012-06-14,986188321535,1255842601
2012-06-15,987434091291,1245769756
2012-06-16,988685269781,1251178490
2012-06-17,989959118551,1273848771
2012-06-18,991216140239,1257021687
2012-06-19,992461196593,1245056355
2012-06-20,993677912266,1216715673
2012-06-21,994907533278,1229621012
2012-07-03,1059651767502,
2012-07-21,1030694981124,
2012-07-22,1031992211343,1297230219
2012-07-23,1034484669097,1255412867
2012-07-24,1035758565646,
2012-07-25,1036942958294,1184392648
2012-07-28,1091936452195,
2012-07-29,1093133122102,1196669907
2012-07-31,1095672418810,
2012-08-26,1127424249350,
2012-08-28,1129949866661,
2012-08-29,1131132720574,1182853913
2012-08-31,1133839642053,
2012-09-01,1135068608153,
2012-09-02,1136397132646,1328524493
2012-09-03,1086507384498,
2012-09-04,1087823327644,1315943146
2012-09-05,1089169368291,1346040647
2012-09-06,1090523042144,1353673853
2012-09-07,1091822322868,1299280724
2012-09-08,1093131060026,1308737158
2012-09-09,1094476699281,1345639255
2012-09-10,1095774394873,1297695593
2012-09-11,1097126677498,1352282625
2012-09-12,1098462689633,1336012135
2012-09-13,1099791747580,1329057947
2012-09-14,1101165038750,1373291170
2012-09-15,1102536333998,1371295248
2012-09-16,1103912519901,1376185903
2012-09-17,1105345043216,1432523315
2012-09-18,1106767525155,1422481939
2012-09-19,1108149788253,1382263097
2012-09-20,1109599725543,1449937290
2012-09-21,1111046587009,1446861466
2012-09-22,1112481429964,1434842955
2012-09-23,1113855867530,1374437566
2012-09-24,1115282107278,1426239748
2012-09-25,1116702585130,1420477852
2012-09-26,1118229362820,1526777689
2012-09-27,1119925188600,1695825781
2012-09-29,1121491999332,
2012-09-30,1123073786997,1581787665
2012-10-01,1124655656696,1581869699
2012-10-05,1132291028925,
2012-10-05,1132291028925,
2012-10-05,1132291028925,
2012-10-06,1133790492468,1499463543
2012-10-06,1133790492468,1499463543
2012-10-06,1133790492468,1499463543
2012-10-07,1135329460746,1538968278
2012-10-07,1135329460746,1538968278
2012-10-08,1136823524370,1494063625
2012-10-08,1136823524370,1494063625
2012-10-09,1138327237447,1503713077
2012-10-09,1138327237447,1503713077
2012-10-10,1139808758458,1481521011
2012-10-10,1139808758458,1481521011
2012-10-11,1141275485422,1466726964
2012-10-11,1141275485422,1466726964
2012-10-12,1142737783616,1462298194
2012-10-12,1142737783616,1462298194
2012-10-13,1144173891517,1436107901
2012-10-13,1144173891517,1436107901
2012-10-14,1145614037313,1440145796
2012-10-15,1147152991785,1538954472
2012-10-16,1148689077574,1536085788
2012-10-17,1150164139861,1475062288
2012-10-18,1151708928718,1544788856
2012-10-19,1153206574871,1497646153
2012-10-20,1154684648609,1478073738
2012-10-21,1156202428495,1517779886
2012-10-22,1157720484737,1518056243
2012-10-23,1159205883807,1485399069
2012-10-24,1160641748344,1435864537
2012-10-25,1162029210118,1387461774
2012-10-26,1163714100656,1684890538
2012-10-27,1165170517780,1456417124
2012-10-28,1166652325382,1481807601
2012-10-29,1168107791828,1455466446
2012-10-30,1169591234013,1483442185
2012-10-31,1171015576185,1424342172
2012-11-01,1172559067171,1543490986
2012-11-02,1174093802160,1534734989
2012-11-03,1175593665005,1499862845
2012-11-04,1177011729204,1418064199
2012-11-05,1178508614590,1496885386
2012-11-06,1180045946757,1537332167
2012-11-07,1181531622688,1485675931
2012-11-08,1183076938832,1545316144
2012-11-08,1183076938832,1545316144
2012-11-09,1184598086047,1521147215
2012-11-09,1184598086047,1521147215
2012-11-10,1185833053175,1234967128
2012-11-10,1185833053175,1234967128
2012-11-11,1187612823920,1779770745
2012-11-11,1187612823920,1779770745
2012-11-12,1189178113166,1565289246
2012-11-12,1189178113166,1565289246
2012-11-13,1190704669633,1526556467
2012-11-13,1190704669633,1526556467
2012-11-14,1192197634155,1492964522
2012-11-14,1192197634155,1492964522
2012-11-15,1193733308107,1535673952
2012-11-16,1195232144169,1498836062
2012-11-17,1196684415677,1452271508
2012-11-18,1198086270471,1401854794
2012-11-19,1199459130278,1372859807
2012-11-20,1200787091871,1327961593
2012-11-21,1202196941119,1409849248
2012-11-22,1203692753625,1495812505
2012-11-23,1205104976677,1412223052
2012-11-24,1206589754139,1484777462
2012-11-25,1207971654915,1381900777
2012-11-26,1209510542103,1538887188
2012-11-27,1210974729105,1464187002
2012-11-28,1212414875465,1440146359
2012-11-29,1213782774966,1367899501
2012-11-30,1215097735638,1314960672
2012-12-01,1216431604360,1333868722
2012-12-02,1217846477043,1414872684
2012-12-03,1219240844980,1394367937
2012-12-04,1220649081947,1408236966
2012-12-05,1222076448163,1427366216
2012-12-06,1223477639607,1401191444
2012-12-07,1225033742740,1556103133
2012-12-08,1226420937520,1387194780
2012-12-09,1228216088517,1795150997
2012-12-10,1229822852913,1606764396
2012-12-11,1231373275926,1550423013
2012-12-12,1232864184729,1490908802
2012-12-13,1234378534357,1514349628
2012-12-13,1234378534357,1514349628
2012-12-14,1235863370248,1484835891
2012-12-14,1235863370248,1484835891
2012-12-15,1237384383418,1521013171
2012-12-15,1237384383418,1521013171
2012-12-16,1238971363975,1586980557
2012-12-16,1238971363975,1586980557
2012-12-17,1240490687657,1519323682
2012-12-18,1242024003887,1533316230
2012-12-19,1243599587318,1575583431
2012-12-20,1245243717885,1644130566
2012-12-21,1246769143519,1525425634
2012-12-22,1248188023379,1418879860
2012-12-23,1249647134847,1459111468
2012-12-24,1251067204274,1420069427
2012-12-25,1252551631233,1484426959
2012-12-26,1253968461460,1416830227
2012-12-27,1255456535629,1488074169
2012-12-28,1256990315462,1533779833
2012-12-29,1258449712294,1459396832
2012-12-30,1259907804345,1458092051
2012-12-31,1261338297175,1430492830
2013-01-01,1262784262398,1445965223
2013-01-02,1264224916927,1440654529
2013-01-03,1265652068415,1427151488
2013-01-04,1267125844885,1473776470
2013-01-05,1268489560247,1363715362
2013-01-06,1269822698403,1333138156
2013-01-07,1271243375715,1420677312
2013-01-08,1272611066743,1367691029
2013-01-09,1274021287402,1410220659
2013-01-10,1275407481744,1386194341
2013-01-11,1276762180288,1354698544
2013-01-12,1278133629966,1371449678
2013-01-13,1279495535851,1361905884
2013-01-14,1281010628097,1515092247
2013-01-15,1282306101950,1295473853
2013-01-16,1283688618961,1382517011
2013-01-16,1283688618961,1382517011
2013-01-17,1285279687043,1591068082
2013-01-17,1285279687043,1591068082
2013-01-18,1286675293520,1395606477
2013-01-18,1286675293520,1395606477
2013-01-19,1288237249778,1561956258
2013-01-19,1288237249778,1561956258
2013-01-20,1289962669943,1725420165
2013-01-20,1289962669943,1725420165
2013-01-21,1291860271714,1897601771
2013-01-21,1291860271714,1897601771
2013-01-22,1293643385487,1783113773
2013-01-22,1293643385487,1783113773
2013-01-23,1295531655030,1888269544
2013-01-24,1297595409271,2063754241
2013-01-25,1299592777856,1997368585
2013-01-26,1301525837036,1933059180
2013-01-27,1303439429511,1913592475
2013-01-28,1305451733886,2012304375
2013-01-29,1307342756530,1891022644
2013-01-30,1309393871541,2051115011
2013-01-31,1311437305968,2043434427
2013-02-01,1313376390737,1939084769
2013-02-02,1315249334569,1872943832
2013-02-03,1317195858725,1946524156
2013-02-04,1319318558757,2122700032
2013-02-05,1321489856008,2171297251
2013-02-06,1323470259953,1980403946
2013-02-07,1325516966773,2046706820
2013-02-08,1327583165514,2066198740
2013-02-09,1329449743693,1866578179
2013-02-10,1331380582567,1930838875
2013-02-11,1333375789009,1995206442
2013-02-12,1335377058823,2001269814
2013-02-13,1337260978363,1883919540
2013-02-14,1338961975841,1700997478
2013-02-15,1341039403611,2077427770
2013-02-16,1342915066512,1875662900
2013-02-17,1344841404747,1926338235
2013-02-17,1344841404747,1926338235
2013-02-18,1346759242878,1917838131
2013-02-18,1346759242878,1917838131
2013-02-19,1348542902094,1783659216
2013-02-19,1348542902094,1783659216
2013-02-20,1350623273990,2080371896
2013-02-20,1350623273990,2080371896
2013-02-21,1352473036053,1849762063
2013-02-21,1352473036053,1849762063
2013-02-22,1354386549719,1913513666
2013-02-22,1354386549719,1913513666
2013-02-23,1356475617791,2089068072
2013-02-23,1356475617791,2089068072
2013-02-24,1358383911664,1908293873
2013-02-24,1358383911664,1908293873
2013-02-25,1360298024156,1914112492
2013-02-25,1360298024156,1914112492
2013-02-26,1362392561961,2094537805
2013-02-27,1364274905815,1882343854
2013-02-28,1366014075654,1739169839
2013-03-01,1368114648065,2100572410
2013-03-02,1370086337803,1971689739
2013-03-03,1371912257619,1825919816
2013-03-04,1373835216697,1922959078
2013-03-05,1375638713033,1803496336
2013-03-06,1377402252968,1763539935
2013-03-07,1379516929661,2114676693
2013-03-08,1381382791612,1865861951
2013-03-09,1383325679790,1942888178
2013-03-10,1385196788502,1871108712
2013-03-11,1387165550209,1968761707
2013-03-12,1389087493675,1921943467
2013-03-12,1389087493675,1921943467
2013-03-13,1390948233727,1860740052
2013-03-13,1390948233727,1860740052
2013-03-14,1392899958988,1951725260
2013-03-14,1392899958988,1951725260
2013-03-15,1394853993011,1954034023
2013-03-15,1394853993011,1954034023
2013-03-16,1396784655059,1930662048
2013-03-16,1396784655059,1930662048
2013-03-17,1398748572214,1963917155
2013-03-17,1398748572214,1963917155
2013-03-18,1400604365918,1855793704
2013-03-18,1400604365918,1855793704
2013-03-19,1402407993665,1803627747
2013-03-19,1402407993665,1803627747
2013-03-20,1404364367426,1956373762
2013-03-20,1404364367426,1956373762
2013-03-21,1406222400299,1858032873
2013-03-21,1406222400299,1858032873
2013-03-22,1408110296892,1887896592
2013-03-22,1408110296892,1887896592
2013-03-23,1409905877734,1795580842
2013-03-23,1409905877734,1795580842
2013-03-24,1411639598906,1733721172
2013-03-24,1411639598906,1733721172
2013-03-25,1413607563521,1967964615
2013-03-25,1413607563521,1967964615
2013-03-26,1415527624992,1920061471
2013-03-26,1415527624992,1920061471
2013-03-27,1417465433144,1937808153
2013-03-27,1417465433144,1937808153
2013-03-28,1419367046768,1901613624
2013-03-28,1419367046768,1901613624
2013-03-29,1421295345375,1928298607
2013-03-30,1423154484511,1859139135
2013-03-31,1425024706020,1870221509
2013-04-01,1426814915054,1790209034
2013-04-02,1428451541959,1636626905
2013-04-03,1430045619000,1594077041
2013-04-04,1431788377441,1742758440
2013-04-05,1433614303790,1825926350
2013-04-06,1435328314600,1714010810
2013-04-06,1435328314600,1714010810
2013-04-06,1435328314600,1714010810
2013-04-07,1437037344773,1709030173
2013-04-07,1437037344773,1709030173
2013-04-07,1437037344773,1709030173
2013-04-08,1438789744209,1752399436
2013-04-08,1438789744209,1752399436
2013-04-08,1438789744209,1752399436
2013-04-09,1440498676326,1708932117
2013-04-09,1440498676326,1708932117
2013-04-09,1440498676326,1708932117
2013-04-10,1442172108358,1673432032
2013-04-10,1442172108358,1673432032
2013-04-10,1442172108358,1673432032
2013-04-11,1443773805521,1601697163
2013-04-11,1443773805521,1601697163
2013-04-11,1443773805521,1601697163
2013-04-12,1445385500076,1611694555
2013-04-12,1445385500076,1611694555
2013-04-12,1445385500076,1611694555
2013-04-13,1447004351577,1618851501
2013-04-13,1447004351577,1618851501
2013-04-13,1447004351577,1618851501
2013-04-14,1448589739432,1585387854
2013-04-14,1448589739432,1585387854
2013-04-15,1450240099221,1650359789
2013-04-15,1450240099221,1650359789
2013-04-16,1451879528788,1639429567
2013-04-16,1451879528788,1639429567
2013-04-17,1453436496450,1556967662
2013-04-17,1453436496450,1556967662
2013-04-18,1455066528900,1630032450
2013-04-18,1455066528900,1630032450
2013-04-19,1456683930876,1617401977
2013-04-19,1456683930876,1617401977
2013-04-20,1458331621627,1647690751
2013-04-20,1458331621627,1647690751
2013-04-21,1456984447982,-1347173645
2013-04-22,1458597959494,1613511512
2013-04-23,1460175710373,1577750879
2013-04-24,1461722298199,1546587826
2013-04-25,1463310789425,1588491226
2013-04-26,1464859516732,1548727307
2013-04-27,1466377540305,1518023573
2013-04-28,1467921782163,1544241858
2013-04-29,1469515451810,1593669646
2013-04-30,1471172930215,1657478406
2013-05-01,1472700350202,1527419986
2013-05-02,1474177301880,1476951679
2013-05-03,1475897339230,1720037350
2013-05-04,1477446236641,1548897411
2013-05-05,1478962929463,1516692821
2013-05-06,1480475833950,1512904488
2013-05-07,1481919051199,1443217249
2013-05-08,1483206559896,1287508696
2013-05-09,1484823567816,1617007920
2013-05-10,1486330673702,1507105886
2013-05-11,1487878675161,1548001459
2013-05-12,1489487715067,1609039906
2013-05-13,1491172691232,1684976165
2013-05-14,1492854434489,1681743257
2013-05-15,1494388000592,1533566103
2013-05-19,1498664011733,
2013-05-20,1500034654218,1370642485
2013-05-23,1506035641142,
2013-05-24,1507566459922,1530818780
2013-05-25,1509023263839,1456803917
2013-05-26,1510464403680,1441139841
2013-05-27,1511954963236,1490559557
2013-05-28,1513853557554,1898594318
2013-05-29,1515241208917,1387651363
2013-05-30,1516859858130,1618649213
2013-05-31,1518436558725,1576700595
2013-06-01,1519787597568,1351038843
2013-06-02,1521140339519,1352741951
2013-06-03,1522621731422,1481391903
2013-06-04,1524325943377,1704211955
2013-06-05,1525795095184,1469151807
2013-06-06,1527350378470,1555283287
2013-06-07,1528870804727,1520426257
2013-06-08,1530364464143,1493659416
2013-06-09,1531863055696,1498591552
2013-06-10,1533265863625,1402807930
2013-06-11,1534751319056,1485455430
2013-06-12,1536175997680,1424678625
2013-06-13,1537525985655,1349987975
2013-06-14,1539051653185,1525667530
2013-06-15,1540491035348,1439382163
2013-06-16,1541916056406,1425021057
2013-06-17,1543329558182,1413501776
2013-06-18,1544792752583,1463194401
2013-06-19,1546243544874,1450792291
2013-06-20,1547717278770,1473733896
2013-06-21,1549258132468,1540853698
2013-06-22,1550676723271,1418590803
2013-06-23,1552141823348,1465100077
2013-06-24,1553585536514,1443713166
2013-06-25,1555013313297,1427776784
2013-06-25,1555013313297,1427776784
2013-06-26,1556475173325,1461860028
2013-06-26,1556475173325,1461860028
2013-06-27,1557975705424,1500532099
2013-06-27,1557975705424,1500532099
2013-06-28,1559492635194,1516929770
2013-06-28,1559492635194,1516929770
2013-06-29,1560993297223,1500662030
2013-06-29,1560993297223,1500662030
2013-06-29,1560993297223,1500662030
2013-06-30,1562525011235,1531714012
2013-06-30,1562525011235,1531714012
2013-06-30,1562525011235,1531714012
2013-07-01,1564037953386,1512942151
2013-07-01,1564037953386,1512942151
2013-07-01,1564037953386,1512942151
2013-07-02,1565541020990,1503067604
2013-07-02,1565541020990,1503067604
2013-07-02,1565541020990,1503067604
2013-07-03,1567038727686,1497706696
2013-07-03,1567038727686,1497706696
2013-07-04,1568597057852,1558330167
2013-07-04,1568597057852,1558330167
2013-07-05,1570127245692,1530187840
2013-07-05,1570127245692,1530187840
2013-07-06,1571627296543,1500050851
2013-07-06,1571627296543,1500050851
2013-07-07,1572963103771,1335807228
2013-07-07,1572963103771,1335807228
2013-07-08,1574338805340,1375701570
2013-07-08,1574338805340,1375701570
2013-07-09,1575925828276,1587022936
2013-07-09,1575925828276,1587022936
2013-07-10,1577402295807,1476467531
2013-07-10,1577402295807,1476467531
2013-07-11,1578854741698,1452445890
2013-07-11,1578854741698,1452445890
2013-07-12,1580256233938,1401492241
2013-07-12,1580256233938,1401492241
2013-07-13,1581551304779,1295070840
2013-07-13,1581551304779,1295070840
2013-07-14,1582840625681,1289320902
2013-07-15,1584215457249,1374831568
2013-07-15,1584215457249,1374831568
2013-07-16,1585504012770,1288555522
2013-07-16,1585504012770,1288555522
2013-07-17,1586716540140,1212527370
2013-07-17,1586716540140,1212527370
2013-07-18,1588219375586,1502835445
2013-07-18,1588219375586,1502835445
2013-07-19,1589625660644,1406285058
2013-07-19,1589625660644,1406285058
2013-07-20,1590908325537,1282664894
2013-07-20,1590908325537,1282664894
2013-07-21,1592146251847,1237926309
2013-07-21,1592146251847,1237926309
2013-07-22,1593397318876,1251067030
2013-07-22,1593397318876,1251067030
2013-07-23,1595028579490,1631260613
2013-07-24,1596388272480,1359692990
2013-07-25,1597828974171,1440701691
2013-07-26,1599221927370,1392953200
2013-07-27,1600502112350,1280184980
2013-07-28,1601873804163,1371691813
2013-07-29,1603589920474,1716116311
2013-07-30,1605042135136,1452214662
2013-07-31,1606462011925,1419876789
2013-08-01,1607950761546,1488749621
2013-08-02,1609332378978,1381617432
2013-08-03,1610788892969,1456513991
2013-08-04,1612215668604,1426775636
2013-08-04,1612215668604,1426775636
2013-08-05,1613628772410,1413103806
2013-08-06,1615081359488,1452587078
2013-08-06,1615081359488,1452587078
2013-08-07,1616464551628,1383192140
2013-08-07,1616464551628,1383192140
2013-08-08,1617917855629,1453304002
2013-08-09,1619337768335,1419912705
2013-08-10,1620755055393,1417287058
2013-08-11,1622171996486,1416941093
2013-08-12,1623676054535,1504058049
2013-08-13,1625191623059,1515568523
2013-08-14,1626675533040,1483909982
2013-08-15,1628066709721,1391176681
2013-08-16,1629467282407,1400572686
2013-08-17,1630886799088,1419516680
2013-08-18,1632295346978,1408547891
2013-08-19,1633718610326,1423263348
2013-08-20,1635173239695,1454629369
2013-08-21,1636587509697,1414270003
2013-08-22,1638044015353,1456505655
2013-08-23,1639503916456,1459901104
2013-08-24,1640942334618,1438418162
2013-08-25,1642323969901,1381635283
2013-08-26,1643770825682,1446855781
2013-08-27,1645243787812,1472962130
2013-08-28,1646654345078,1410557267
2013-08-29,1648051640382,1397295303
2013-08-30,1649495348639,1443708258
2013-08-31,1651086919172,1591570533
2013-09-01,1652672105125,1585185953
2013-09-02,1654296136236,1624031111
2013-09-03,1655919090518,1622954282
2013-09-08,1616464551627,
2013-09-09,1617917855629,1453304002
2013-09-10,1719384856833,
2013-09-11,1721022540803,1637683970
2013-09-13,1725871638116,
2013-09-14,1727507321749,1635683633
2013-09-20,1737435573440,
2013-09-21,1683565986471,
2013-09-22,1684927685654,1361699183
2013-09-30,1697731272979,
2013-10-01,1699099097840,1367824861
2013-10-02,1700445610892,1346513051
2013-10-03,1701941152837,1495541946
2013-10-04,1703413402227,1472249390
2013-10-05,1704929722861,1516320633
2013-10-06,1706574764430,1645041569
2013-10-07,1708164958003,1590193573
2013-10-08,1709759969468,1595011464
2013-10-09,1711302194615,1542225147
2013-10-10,1712887204193,1585009578
2013-10-11,1714405172741,1517968549
2013-10-12,1716077506624,1672333883
2013-10-13,1717777970446,1700463821
2013-10-14,1719463903929,1685933484
2013-10-15,1721237203539,1773299610
2013-10-16,1722923843886,1686640348
2013-10-17,1724555046437,1631202550
2013-10-18,1726037730459,1482684022
2013-10-19,1727568098189,1530367730
2013-10-20,1729268427791,1700329601
2013-10-21,1730957308670,1688880879
2013-10-22,1732609552435,1652243765
2013-10-23,1734163762944,1554210510
2013-10-24,1735791073773,1627310829
2013-10-25,1737455811057,1664737284
2013-10-26,1739104540097,1648729040
2013-10-27,1740643308919,1538768823
2013-10-28,1742373219459,1729910540
2013-10-29,1744010448526,1637229067
2013-10-30,1745628287228,1617838702
2013-10-31,1747312227965,1683940737
2013-11-01,1748966819105,1654591140
2013-11-02,1750606002986,1639183881
2013-11-02,1750606002986,1639183881
2013-11-03,1752232129075,1626126089
2013-11-03,1752232129075,1626126089
2013-11-04,1753915857157,1683728082
2013-11-04,1753915857157,1683728082
2013-11-05,1755643498846,1727641689
2013-11-05,1755643498846,1727641689
2013-11-06,1757302674595,1659175749
2013-11-06,1757302674595,1659175749
2013-11-07,1759027064563,1724389968
2013-11-07,1759027064563,1724389968
2013-11-08,1760783502705,1756438142
2013-11-08,1760783502705,1756438142
2013-11-09,1762515643414,1732140709
2013-11-09,1762515643414,1732140709
2013-11-10,1764280822275,1765178861
2013-11-11,1766025515797,1744693521
2013-11-12,1767792938187,1767422390
2013-11-13,1769557111097,1764172910
2013-11-14,1771394290934,1837179837
2013-11-15,1773211450340,1817159406
2013-11-16,1775072500048,1861049708
2013-11-17,1776933307382,1860807333
2013-11-18,1778672030692,1738723310
2013-11-19,1780401314898,1729284207
2013-11-20,1782097539361,1696224462
2013-11-21,1783841709025,1744169665
2013-11-22,1785587598080,1745889055
2013-11-23,1787340470361,1752872281
2013-11-24,1789697054592,2356584231
2013-11-25,1790876012340,1178957747
2013-11-26,1792532749093,1656736753
2013-11-27,1794108455096,1575706004
2013-11-28,1795616471457,1508016360
2013-11-29,1797721804994,2105333538
2013-11-30,1799588241683,1866436689
2013-12-01,1801211198821,1622957138
2013-12-02,1802754828514,1543629693
2013-12-03,1804468209795,1713381280
2013-12-03,1804468209795,1713381280
2013-12-04,1806461493209,1993283414
2013-12-04,1806461493209,1993283414
2013-12-05,1808156641153,1695147944
2013-12-05,1808156641153,1695147944
2013-12-06,1809760789010,1604147857
2013-12-06,1809760789010,1604147857
2013-12-07,1811789839087,2029050077
2013-12-07,1811789839087,2029050077
2013-12-08,1813489846661,1700007574
2013-12-08,1813489846661,1700007574
2013-12-09,1815221667891,1731821230
2013-12-09,1815221667891,1731821230
2013-12-10,1817088214086,1866546195
2013-12-10,1817088214086,1866546195
2013-12-11,1818920473950,1832259864
2013-12-11,1818920473950,1832259864
2013-12-12,1820770756751,1850282801
2013-12-13,1822400344062,1629587311
2013-12-14,1824078137425,1677793363
2013-12-15,1825801342198,1723204773
2013-12-16,1827543735843,1742393644
2013-12-17,1829280630594,1736894752
2013-12-18,1830970265153,1689634558
2013-12-19,1832759533405,1789268252
2013-12-20,1834570686495,1811153090
2013-12-21,1836388323232,1817636737
2013-12-22,1838105713989,1717390757
2013-12-23,1839830944450,1725230461
2013-12-24,1841571373377,1740428928
2013-12-25,1843403692942,1832319565
2013-12-26,1845068302557,1664609615
2013-12-27,1846560213652,1491911095
2013-12-28,1848309889010,1749675358
2013-12-29,1849942367261,1632478251
2013-12-30,1851569434328,1627067067
2013-12-31,1853242113573,1672679245
2014-01-01,1854785467388,1543353815
2014-01-02,1856658940292,1873472904
2014-01-03,1858368428235,1709487944
2014-01-04,1859983974415,1615546179
2014-01-04,1859983974415,1615546179
2014-01-05,1861560931075,1576956660
2014-01-05,1861560931075,1576956660
2014-01-06,1863130787995,1569856921
2014-01-06,1863130787995,1569856921
2014-01-07,1864836186701,1705398706
2014-01-07,1864836186701,1705398706
2014-01-08,1866387738128,1551551427
2014-01-08,1866387738128,1551551427
2014-01-09,1868055562737,1667824608
2014-01-09,1868055562737,1667824608
2014-01-10,1869690227055,1634664319
2014-01-10,1869690227055,1634664319
2014-01-11,1871364006829,1673779773
2014-01-11,1871364006829,1673779773
2014-01-12,1873066085847,1702079018
2014-01-13,1874759378231,1693292384
2014-01-14,1876449252172,1689873941
2014-01-15,1878142317165,1693064993
2014-01-16,1879830143226,1687826061
2014-01-17,1881482892342,1652749116
2014-01-18,1883121505131,1638612789
2014-01-19,1884715318783,1593813651
2014-01-20,1886211070790,1495752008
2014-01-21,1887697468279,1486397489
2014-01-22,1889179204787,1481736508
2014-01-23,1890729672538,1550467751
2014-01-24,1892269995341,1540322803
2014-01-25,1893841762225,1571766884
2014-01-26,1895418095570,1576333345
2014-01-27,1896990750616,1572655045
2014-01-28,1898601671604,1610920989
2014-01-29,1900143962343,1542290739
2014-01-30,1901772844777,1628882434
2014-01-31,1903388257550,1615412773
2014-02-01,1904990214586,1601957036
2014-02-02,1906578724250,1588509664
2014-02-03,1908136943892,1558219641
2014-02-04,1909772331228,1635387336
2014-02-05,1911362551901,1590220673
2014-02-06,1913055672023,1693120122
2014-02-07,1915147322230,2091650207
2014-02-08,1916658524338,1511202108
2014-02-09,1918585823990,1927299652
2014-02-10,1920103746968,1517922978
2014-02-11,1921554337690,1450590722
2014-02-12,1923687523770,2133186080
2014-02-13,1925385032147,
2014-02-14,1927016217755,1631185608
2014-02-15,1928645749007,1629531252
2014-02-16,1930375935724,1730186717
2014-02-17,1931933737535,1557801810
2014-02-18,1933605040368,1671302833
2014-02-18,1933605040368,1671302833
2014-02-19,1935147063077,1542022708
2014-02-20,1936720777028,1573713952
2014-02-20,1936720777028,1573713952
2014-02-21,1938308038529,1587261501
2014-02-21,1938308038529,1587261501
2014-02-22,1940048084951,1740046422
2014-02-22,1940048084951,1740046422
2014-02-23,1941801623543,1753538592
2014-02-23,1941801623543,1753538592
2014-02-24,1943478613818,1676990275
2014-02-24,1943478613818,1676990275
2014-02-25,1945222094333,1743480515
2014-02-25,1945222094333,1743480515
2014-02-26,1946865627948,1643533615
2014-02-26,1946865627948,1643533615
2014-02-27,1948574643631,1709015683
2014-02-27,1948574643631,1709015683
2014-02-28,1950227290032,1652646401
2014-02-28,1950227290032,1652646401
2014-03-01,1951988148989,1760858957
2014-03-01,1951988148989,1760858957
2014-03-02,1953663764620,1675615631
2014-03-02,1953663764620,1675615631
2014-03-03,1955386367501,1722602881
2014-03-03,1955386367501,1722602881
2014-03-04,1957086160410,1699792910
2014-03-04,1957086160410,1699792910
2014-03-05,1958781696258,1695535848
2014-03-05,1958781696258,1695535848
2014-03-06,1960441032624,1659336366
2014-03-06,1960441032624,1659336366
2014-03-07,1962103302675,1662270051
2014-03-07,1962103302675,1662270051
2014-03-08,1963756733894,1653431219
2014-03-08,1963756733894,1653431219
2014-03-09,1965423347347,1666613453
2014-03-09,1965423347347,1666613453
2014-03-10,1967110706070,1687358723
2014-03-10,1967110706070,1687358723
2014-03-11,1968769400596,1658694526
2014-03-11,1968769400596,1658694526
2014-03-12,1970345656851,1576256255
2014-03-12,1970345656851,1576256255
2014-03-13,1971981051278,1635394427
2014-03-13,1971981051278,1635394427
2014-03-14,1973634327444,1653276166
2014-03-14,1973634327444,1653276166
2014-03-15,1975291834039,1657506595
2014-03-15,1975291834039,1657506595
2014-03-16,1976977636388,1685802349
2014-03-16,1976977636388,1685802349
2014-03-17,1978609301227,1631664839
2014-03-17,1978609301227,1631664839
2014-03-18,1979998375026,1389073800
2014-03-18,1979998375026,1389073800
2014-03-19,1981642868310,1644493283
2014-03-19,1981642868310,1644493283
2014-03-20,1983369438809,1726570500
2014-03-20,1983369438809,1726570500
2014-03-21,1985048944990,1679506181
2014-03-21,1985048944990,1679506181
2014-03-22,1986715312760,1666367770
2014-03-22,1986715312760,1666367770
2014-03-23,1988283247418,1567934658
2014-03-23,1988283247418,1567934658
2014-03-24,1989986999267,1703751849
2014-03-24,1989986999267,1703751849
2014-03-25,1991668011143,1681011876
2014-03-25,1991668011143,1681011876
2014-03-26,1993323145682,1655134539
2014-03-27,1994988394448,1665248766
2014-03-28,1996596346821,1607952373
2014-03-29,1998288672615,1692325794
2014-03-31,2055457889404,
2014-04-12,2074718834892,
2014-05-22,2082592596249,
2014-05-23,2084112516295,1519920046
2014-05-24,2085618681611,1506165316
2014-05-25,2087147098075,1528416464
2014-05-26,2088660239110,1513141035
2014-05-27,2090196308184,1536069075
2014-05-28,2092135306040,1938997856
2014-05-29,2093677665269,1542359229
2014-05-30,2095219206548,1541541278
2014-05-31,2096736145556,1516939008
2014-06-01,2098286168399,1550022843
2014-06-02,2099784375467,1498207069
2014-06-03,2101316013037,1531637570
2014-06-04,2102786121207,1470108170
2014-06-05,2104257305057,1471183850
2014-06-06,2105619934914,1362629857
2014-06-07,2106704798851,1084863937
2014-06-08,2107812547149,1107748298
2014-06-09,2108964396983,1151849834
2014-06-10,2110105642029,1141245047
2014-06-11,2111246371780,1140729751
2014-06-12,2112400422409,1154050629
2014-06-13,2113534373275,1133950866
2014-06-14,2114761232721,1226859445
2014-06-15,2115956245518,1195012797
2014-06-16,2117324186166,1367940648
2014-06-17,2119631539972,2307353806
2014-06-18,2121334908499,1703368526
2014-06-19,2122978762501,1643854003
2014-06-20,2124539956305,1561193804
2014-06-21,2126322520966,1782564660
2014-06-22,2128215594241,1893073276
2014-06-23,2130221610518,2006016276
2014-06-24,2132223507201,2001896683
2014-06-25,2134482628876,2259121676
2014-06-26,2136943908755,2461279879
2014-06-27,2140077298097,3133389342
2014-06-28,2143489861271,3412563174
2014-06-29,2147259676578,3769815308
2014-06-30,2150529225201,3269548623
2014-07-01,2154446241901,3917016700
2014-07-02,2158350499902,3904258001
2014-07-31,2450822201191,
2014-08-02,2468059204987,
2014-08-03,2482700993578,14641788591
2014-08-31,2970467885315,
2014-10-14,3774137350302,
2014-10-15,3793261438309,19124088007
2014-10-17,3833888870503,
2014-10-18,3853676232028,19787361525
2014-12-01,4933892482193,
2014-12-02,4960094220441,26201738248
2014-12-03,4986297503496,26203283056
2014-12-03,4986297503496,26203283056
2014-12-04,5006780590153,20483086657
2014-12-04,5006780590153,20483086657
2014-12-05,5032619654857,25839064703
2014-12-05,5032619654857,25839064703
2014-12-06,5065350626655,32730971799
2014-12-06,5065350626655,32730971799
2014-12-07,5102056802443,36706175788
2014-12-07,5102056802443,36706175788
2014-12-08,5130670784525,28613982082
2014-12-08,5130670784525,28613982082
2014-12-09,5159516495531,28845711006
2014-12-09,5159516495531,28845711006
2014-12-10,5187953659298,28437163768
2014-12-10,5187953659298,28437163768
2014-12-11,5215571688128,27618028830
2014-12-11,5215571688128,27618028830
2014-12-12,5243960096496,28388408368
2014-12-12,5243960096496,28388408368
2014-12-13,5273352504742,29392408245
2014-12-13,5273352504742,29392408245
2014-12-14,5301157005367,27804500625
2014-12-14,5301157005367,27804500625
2014-12-15,5343701969773,42544964406
2014-12-15,5343701969773,42544964406
2014-12-16,5375601782045,31899812272
2014-12-16,5375601782045,31899812272
2014-12-17,5405642949099,30041167054
2014-12-17,5405642949099,30041167054
2014-12-18,5434457102446,28814153347
2014-12-18,5434457102446,28814153347
2014-12-19,5464613715271,30156612825
2014-12-19,5464613715271,30156612825
2014-12-20,5495951646986,31337931716
2014-12-20,5495951646986,31337931716
2014-12-21,5529644137219,33692490232
2014-12-21,5529644137219,33692490232
2014-12-22,5559317070363,29672933144
2014-12-22,5559317070363,29672933144
2014-12-23,5590216105513,30899035150
2014-12-23,5590216105513,30899035150
2014-12-24,5621607311346,31391205832
2014-12-24,5621607311346,31391205832
2014-12-25,5664684414437,43077103091
2014-12-25,5664684414437,43077103091
2014-12-26,5690732298968,26047884531
2014-12-26,5690732298968,26047884531
2014-12-27,5728044996649,37312697681
2014-12-27,5728044996649,37312697681
2014-12-28,5751427691632,23382694983
2014-12-28,5751427691632,23382694983
2014-12-29,5782510249190,31082557558
2014-12-29,5782510249190,31082557558
2014-12-30,5812484424913,29974175723
2014-12-30,5812484424913,29974175723
2014-12-31,5846849184244,34364759331
2014-12-31,5846849184244,34364759331
2015-01-01,5886769796119,39920611874
2015-01-01,5886769796119,39920611874
2015-01-02,5921244357453,34474561334
2015-01-02,5921244357453,34474561334
2015-01-03,5951486835423,30242477970
2015-01-03,5951486835423,30242477970
2015-01-04,5983414771271,31927935848
2015-01-04,5983414771271,31927935848
2015-01-05,6016351279059,32936507789
2015-01-05,6016351279059,32936507789
2015-01-06,6050868169619,34516890559
2015-01-06,6050868169619,34516890559
2015-01-07,6086943716556,36075546938
2015-01-07,6086943716556,36075546938
2015-01-08,6121328163984,34384447428
2015-01-08,6121328163984,34384447428
2015-01-09,6154571011093,33242847109
2015-01-09,6154571011093,33242847109
2015-01-10,6178441893621,23870882528
2015-01-10,6178441893621,23870882528
2015-01-11,6220296808627,41854915006
2015-01-11,6220296808627,41854915006
2015-01-12,6252080579926,31783771299
2015-01-13,6286228304370,34147724443
2015-01-14,6321007416239,34779111869
2015-01-15,6356773743794,35766327555
2015-01-16,6389406147091,32632403297
2015-01-17,6420088144082,30681996991
2015-01-18,6453203560313,33115416231
2015-01-19,6487565220378,34361660065
2015-01-20,6521911123511,34345903134
2015-01-21,6557418153096,35507029585
2015-01-22,6593073412490,35655259394
2015-01-23,6628582848289,35509435799
2015-01-24,6662138131042,33555282754
2015-01-25,6695315219328,33177088286
2015-01-26,6727399183790,32083964462
2015-01-27,6764187849784,36788665994
2015-01-28,6797975561680,33787711896
2015-01-29,6830529516727,32553955047
2015-01-30,6864513539543,33984022816
2015-01-31,6897922568546,33409029004
2015-02-01,6931824057671,33901489124
2015-02-02,6965598693424,33774635753
2015-02-03,6998717538060,33118844636
2015-02-04,7033460146993,34742608933
2015-02-05,7068015018421,34554871427
2015-02-06,7102324735080,34309716659
2015-02-06,7102324735080,34309716659
2015-02-07,7131640709351,29315974272
2015-02-07,7131640709351,29315974272
2015-02-08,7163900181777,32259472425
2015-02-08,7163900181777,32259472425
2015-02-09,7197076079434,33175897657
2015-02-09,7197076079434,33175897657
2015-02-10,7230166202981,33090123547
2015-02-10,7230166202981,33090123547
2015-02-11,7261397157852,31230954871
2015-02-11,7261397157852,31230954871
2015-02-12,7291596088371,30198930519
2015-02-12,7291596088371,30198930519
2015-02-13,7321161065912,29564977542
2015-02-13,7321161065912,29564977542
2015-02-14,7353061244469,31900178557
2015-02-14,7353061244469,31900178557
2015-02-15,7383712750565,30651506096
2015-02-15,7383712750565,30651506096
2015-02-16,7397747700948,14034950383
2015-02-16,7397747700948,14034950383
2015-02-17,7430738866811,32991165863
2015-02-17,7430738866811,32991165863
2015-02-18,7461942536410,31203669600
2015-02-18,7461942536410,31203669600
2015-02-19,7494260178706,32317642295
2015-02-19,7494260178706,32317642295
2015-02-20,7526349658969,32089480263
2015-02-21,7555880351048,29530692079
2015-02-22,7586139484463,30259133415
2015-02-23,7627544824629,41405340167
2015-02-24,7665873894125,38329069496
2015-02-25,7698063327499,32189433374
2015-02-26,7730688689383,32625361883
2015-02-27,7759538569469,28849880086
2015-02-28,7792113986193,32575416724
2015-03-01,7825579142300,33465156107
2015-03-02,7859098465685,33519323385
2015-03-03,7893595950735,34497485050
2015-03-04,7933497490816,39901540080
2015-03-05,7945143566291,11646075475
2015-03-06,8003330515999,58186949708
2015-03-07,8037605389140,34274873141
2015-03-08,8070442095804,32836706664
2015-03-09,8102983035816,32540940013
2015-03-10,8134356990055,31373954238
2015-03-11,8165785565675,31428575621
2015-03-12,8197048388737,31262823061
2015-03-13,8227784597622,30736208885
2015-03-14,8257452262102,29667664480
2015-03-15,8288911547988,31459285886
2015-03-16,8319618818997,30707271009
2015-03-17,8350996553563,31377734566
2015-03-18,8382322686329,31326132767
2015-03-22,8499703551299,
2015-03-23,8530222793715,30519242416
2015-03-24,8560536732932,30313939217
2015-03-25,8590240886271,29704153339
2015-03-26,8619229858671,28988972400
2015-03-27,8649555969540,30326110869
2015-03-28,8679956263734,30400294194
2015-03-29,8711015856646,31059592912
2015-03-30,8742243473567,31227616921
2015-03-31,8772976426337,30732952770
2015-04-01,8804336690346,31360264009
2015-04-02,8835460146926,31123456580
2015-04-03,8866139782952,30679636026
2015-04-04,8896746063419,30606280467
2015-04-05,8927052523288,30306459869
2015-04-06,8958086824852,31034301564
2015-04-07,8990448652174,32361827322
2015-04-08,9021619847972,31171195798
2015-04-09,9052041735798,30421887826
2015-04-10,9081911049082,29869313284
2015-04-11,9113479516327,31568467245
2015-04-12,9144646288654,31166772327
2015-04-13,9172414399695,27768111041
2015-04-14,9204593545048,32179145353
2015-04-15,9236040852572,31447307524
2015-04-16,9267302930854,31262078282
2015-04-17,9299978509000,32675578146
2015-04-18,9332889290963,32910781963
2015-04-19,9366572459734,33683168771
2015-04-20,9399236207664,32663747930
2015-04-21,9432595556581,33359348917
2015-04-22,9467291749746,34696193165
2015-04-23,9500932969318,33641219572
2015-04-24,9533836993643,32904024325
2015-04-25,9566496012081,32659018438
2015-04-26,9597904307047,31408294966
2015-04-27,9629827488535,31923181488
2015-04-28,9663659658719,33832170184
2015-04-29,9698903919493,35244260774
2015-04-30,9732331333547,33427414054
2015-05-01,9766411607448,34080273901
2015-05-16,10213665250816,
2015-05-17,10245469544561,31804293745
2015-05-18,10383274619220,
2015-05-19,10417333235942,34058616722
2015-05-30,10674955398348,
2015-05-31,10705343023405,30387625057
2015-06-01,10736216309572,30873286167
2015-06-02,10767179444556,30963134984
2015-06-03,10797731403057,30551958500
2015-06-04,10829515182947,31783779891
2015-06-05,10862269518184,32754335236
2015-06-06,10895771032120,33501513936
2015-06-07,10928413585314,32642553195
2015-06-08,10960866809055,32453223741
2015-06-09,10990251240324,29384431269
2015-06-10,11021857844833,31606604509
2015-06-11,11049394853297,27537008464
2015-06-12,11078561386384,29166533087
2015-06-13,11109111747945,30550361561
2015-06-14,11140095287354,30983539409
2015-06-15,11171331056951,31235769596
2015-06-16,11200993768383,29662711433
2015-06-17,11231739413050,30745644667
2015-06-18,11261187206220,29447793169
2015-06-19,11290454964170,29267757950
2015-06-20,11320853752024,30398787854
2015-06-21,11351866403096,31012651072
2015-06-22,11381284695441,29418292345
2015-06-23,11411654894618,30370199176
2015-06-24,11437956718328,26301823711
2015-06-25,11465645635144,27688916815
2015-06-26,11489606562719,23960927576
2015-06-27,11510193965451,20587402732
2015-06-28,11527807470257,17613504806
2015-06-29,11543191368044,15383897787
2015-06-30,11560220551043,17029182999
2015-07-01,11583668073008,23447521965
2015-07-02,11609223014169,25554941161
2015-07-03,11637158602320,27935588151
2015-07-04,11667535319115,30376716794
2015-07-05,11695887299103,28351979989
2015-07-06,11722775526427,26888227324
2015-07-07,11750889478310,28113951883
2015-07-08,11782181073946,31291595636
2015-07-09,11813108938473,30927864528
2015-07-19,12131444189809,
2015-07-20,12156800168188,25355978379
2015-07-29,12379145055656,
2015-07-30,12408165082106,29020026450
2015-07-31,12437513833534,29348751428
2015-08-01,12466256360772,28742527237
2015-08-02,12492954434756,26698073984
2015-08-03,12519924771275,26970336519
2015-08-03,12519924771275,26970336519
2015-08-04,12547624082147,27699310872
2015-08-04,12547624082147,27699310872
2015-08-05,12578611091049,30987008902
2015-08-05,12578611091049,30987008902
2015-08-06,12607191902219,28580811170
2015-08-06,12607191902219,28580811170
2015-08-07,12635087573319,27895671100
2015-08-07,12635087573319,27895671100
2015-08-08,12662575515958,27487942639
2015-08-08,12662575515958,27487942639
2015-08-09,12692197461453,29621945495
2015-08-09,12692197461453,29621945495
2015-08-10,12720528200444,28330738992
2015-08-10,12720528200444,28330738992
2015-08-11,12750493965424,29965764979
2015-08-11,12750493965424,29965764979
2015-08-12,12780795494691,30301529268
2015-08-12,12780795494691,30301529268
2015-08-13,12810279104531,29483609840
2015-08-13,12810279104531,29483609840
2015-08-14,12839353513244,29074408714
2015-08-14,12839353513244,29074408714
2015-08-15,12866724409420,27370896175
2015-08-15,12866724409420,27370896175
2015-08-16,12894562466308,27838056889
2015-08-16,12894562466308,27838056889
2015-08-17,12922819259359,28256793051
2015-08-17,12922819259359,28256793051
2015-08-18,12948252331501,25433072142
2015-08-18,12948252331501,25433072142
2015-08-19,12975132958758,26880627258
2015-08-19,12975132958758,26880627258
2015-08-20,13003707023555,28574064796
2015-08-20,13003707023555,28574064796
2015-08-21,13031031627333,27324603779
2015-08-21,13031031627333,27324603779
2015-08-22,13058826445299,27794817965
2015-08-23,13085623769363,26797324065
2015-08-24,13111226725973,25602956610
2015-08-24,13111226725973,25602956610
2015-08-25,13137013128535,25786402563
2015-08-26,13163364682883,26351554348
2015-08-26,13163364682883,26351554348
2015-08-27,13188997016436,25632333553
2015-08-27,13188997016436,25632333553
2015-08-28,13212711830409,23714813973
2015-08-28,13212711830409,23714813973
2015-08-29,13237195123150,24483292741
2015-08-29,13237195123150,24483292741
2015-08-30,13261695028202,24499905053
2015-08-30,13261695028202,24499905053
2015-08-31,13286561076098,24866047896
2015-08-31,13286561076098,24866047896
2015-09-01,13310657535505,24096459407
2015-09-01,13310657535505,24096459407
2015-09-02,13334868234451,24210698946
2015-09-02,13334868234451,24210698946
2015-09-03,13360228485803,25360251353
2015-09-03,13360228485803,25360251353
2015-09-04,13385906673165,25678187362
2015-09-04,13385906673165,25678187362
2015-09-05,13413174819211,27268146046
2015-09-05,13413174819211,27268146046
2015-09-06,13438507009904,25332190693
2015-09-06,13438507009904,25332190693
2015-09-07,13461363611378,22856601474
2015-09-07,13461363611378,22856601474
2015-09-08,13484070115645,22706504267
2015-09-09,13506366590810,22296475165
2015-09-10,13528327126764,21960535954
2015-09-11,13551445227132,23118100367
2015-09-18,13703016495233,
2015-09-19,13729056066780,26039571547
2015-10-07,14166962033966,
2015-10-08,14193687089527,26725055561
2015-10-10,14272753649944,
2015-10-11,14298604236710,25850586766
2015-10-18,14471427762347,
2015-10-19,14499049547796,27621785449
2015-10-24,14647411932694,
2015-10-25,14676569511449,29157578755
2015-10-28,14798806121504,
2015-10-29,14829188478851,30382357347
2015-11-09,15220479119768,
2015-11-10,15263588063050,43108943282
2015-11-11,15314146890934,50558827885
2015-11-12,15377431186696,63284295761
2015-11-13,15410152767048,32721580352
2015-11-14,15289322717282,-120830049766
2015-11-15,15326905548194,37582830912
2015-11-16,15364593478605,37687930411
2015-11-17,15401970256523,37376777918
2015-11-18,15436983172587,35012916064
2015-11-19,15465839528188,28856355601
2015-11-20,15495725967038,29886438851
2015-11-21,15526928067797,31202100758
2015-11-22,15557285951145,30357883348
2015-11-23,15589415763039,32129811894
2015-11-24,15622094891058,32679128020
2015-11-25,15653859929804,31765038746
2015-11-26,15687783368481,33923438676
2015-11-27,15719839771369,32056402889
2015-11-28,15751588682950,31748911581
2015-11-29,15783257358911,31668675961
2015-11-30,15813539053006,30281694095
2015-12-01,15843755680266,30216627260
2015-12-02,15875240961646,31485281380
2015-12-03,15905785814970,30544853323
2015-12-04,15940483804618,34697989648
2015-12-05,15972022590329,31538785712
2015-12-06,16007486561665,35463971336
2015-12-07,16050648509048,43161947383
2015-12-08,16090414963046,39766453998
2015-12-09,16124154428634,33739465588
2015-12-10,16159619470705,35465042071
2015-12-11,16195066003491,35446532786
2015-12-12,16231976430530,36910427040
2015-12-13,16268575093100,36598662570
2015-12-14,16303723183640,35148090540
2015-12-15,16339983020441,36259836801
2015-12-16,16375361823540,35378803100
2015-12-17,16411061365240,35699541700
2015-12-18,16447600910174,36539544934
2015-12-19,16480213526122,32612615948
2015-12-20,16513753377182,33539851061
2015-12-21,16548585790822,34832413640
2015-12-22,16583415869001,34830078179
2015-12-23,16619571916581,36156047580
2015-12-24,16656293228746,36721312165
2015-12-25,16689515725354,33222496608
2015-12-26,16722810774031,33295048677
2015-12-27,16755794542719,32983768687
2016-01-25,17765423270708,
2016-01-26,17797456934668,32033663960
2016-02-06,18132442153806,
2016-02-07,18165632362797,33190208991
2016-02-08,18197643486006,32011123209
2016-02-09,18230537350720,32893864713
2016-02-10,18263342918367,32805567647
2016-02-11,18297411730563,34068812197
2016-02-12,18332866136678,35454406114
2016-02-13,18367558723914,34692587236
2016-02-14,18402300733571,34742009657
2016-02-15,18438175514011,35874780441
2016-02-16,18472823673784,34648159773
2016-02-17,18506914488238,34090814454
2016-02-18,18541369338901,34454850662
2016-02-19,18576138107691,34768768791
2016-02-20,18612747417939,36609310247
2016-02-21,18649468323009,36720905071
2016-02-22,18685088491564,35620168555
2016-02-23,18721953802026,36865310462
2016-02-23,18721953802026,36865310462
2016-02-24,18756808513450,34854711423
2016-02-24,18756808513450,34854711423
2016-02-25,18791039688515,34231175065
2016-02-25,18791039688515,34231175065
2016-02-26,18825850940373,34811251858
2016-02-26,18825850940373,34811251858
2016-02-27,18861303172755,35452232383
2016-02-27,18861303172755,35452232383
2016-02-28,18896964007900,35660835145
2016-02-28,18896964007900,35660835145
2016-02-29,18930376668160,33412660260
2016-02-29,18930376668160,33412660260
2016-03-01,18964176212267,33799544107
2016-03-01,18964176212267,33799544107
2016-03-02,18998034043626,33857831359
2016-03-02,18998034043626,33857831359
2016-03-03,19031951948507,33917904881
2016-03-03,19031951948507,33917904881
2016-03-04,19067294318902,35342370395
2016-03-04,19067294318902,35342370395
2016-03-05,19101949252910,34654934008
2016-03-05,19101949252910,34654934008
2016-03-06,19135856570606,33907317695
2016-03-06,19135856570606,33907317695
2016-03-07,19170062731285,34206160679
2016-03-07,19170062731285,34206160679
2016-03-08,19205714400356,35651669072
2016-03-08,19205714400356,35651669072
2016-03-09,19238127969659,32413569303
2016-03-09,19238127969659,32413569303
2016-03-10,19271912842465,33784872806
2016-03-10,19271912842465,33784872806
2016-03-11,19303640987006,31728144541
2016-03-11,19303640987006,31728144541
2016-03-12,19335146452430,31505465424
2016-03-12,19335146452430,31505465424
2016-03-13,19369126243814,33979791385
2016-03-13,19369126243814,33979791385
2016-03-14,19400826594854,31700351039
2016-03-14,19400826594854,31700351039
2016-03-15,19431633607749,30807012896
2016-03-15,19431633607749,30807012896
2016-03-16,19463284649387,31651041637
2016-03-16,19463284649387,31651041637
2016-03-17,19495043580808,31758931421
2016-03-17,19495043580808,31758931421
2016-03-18,19528898296433,33854715625
2016-03-19,19564033873058,35135576626
2016-03-20,19601817318514,37783445456
2016-03-21,19638936618179,37119299665
2016-03-22,19675731968258,36795350079
2016-03-23,19713283239297,37551271039
2016-03-24,19742059884199,28776644903
2016-03-25,19777242598831,35182714631
2016-03-26,19811033026029,33790427198
2016-03-27,19843462793176,32429767148
2016-03-28,19877702316183,34239523007
2016-03-29,19913797268282,36094952099
2016-03-30,19949058521020,35261252738
2016-03-31,19982262873871,33204352852
2016-04-01,20014747477789,32484603918
2016-04-02,20052319312940,37571835150
2016-04-07,20329454845641,
2016-04-08,20371872168819,42417323178
2016-04-14,20591353825657,
2016-04-15,20636485760404,45131934747
2016-04-18,20728078305093,
2016-04-19,20778439426203,50361121110
2016-04-23,20979153588535,
2016-04-24,21026970187687,47816599152
2016-04-28,21203173136108,
2016-04-29,21248296393720,45123257612
2016-04-30,21295966755717,47670361997
2016-05-07,21712289556984,
2016-05-08,21754204355386,41914798402
2016-05-09,21799686449181,45482093795
2016-05-17,22075054952397,
2016-05-25,22411126682143,
2016-05-26,22447148086652,36021404509
2016-05-29,22553416125046,
2016-05-30,22583106279197,29690154151
2016-05-31,22614718124500,31611845303
2016-06-01,22649459472876,34741348376
2016-06-02,22686168851520,36709378644
2016-06-03,22720088557839,33919706320
2016-06-04,22755658628235,35570070396
2016-06-05,22791110709328,35452081093
2016-06-06,22825124782316,34014072988
2016-06-07,22860117906080,34993123764
2016-06-08,22889314354317,29196448238
2016-06-09,22917343387587,28029033270
2016-06-10,22945030485586,27687097999
2016-06-11,22970622096150,25591610564
2016-06-12,22996629717109,26007620959
2016-06-13,23021899461660,25269744551
2016-06-14,23045189291058,23289829397
2016-06-15,23069916311577,24727020520
2016-06-16,23093896339560,23980027983
2016-06-17,23116855283424,22958943864
2016-06-18,23140350618921,23495335497
2016-06-19,23163717372344,23366753423
2016-06-20,23188481876264,24764503921
2016-06-21,23214337549112,25855672847
2016-06-22,23239725022578,25387473467
2016-06-23,23262545270972,22820248394
2016-06-24,23283586331416,21041060444
2016-06-25,23305104528516,21518197101
2016-06-26,23327535622585,22431094069
2016-06-27,23352677005078,25141382493
2016-06-28,23376719646491,24042641413
2016-06-29,23400340268919,23620622428
2016-06-30,23423162958174,22822689255
2016-06-30,23423162958174,22822689255
2016-07-01,23446703936187,23540978013
2016-07-01,23446703936187,23540978013
2016-07-02,23470917099909,24213163722
2016-07-02,23470917099909,24213163722
2016-07-03,23496004325921,25087226012
2016-07-03,23496004325921,25087226012
2016-07-04,23521381759796,25377433875
2016-07-04,23521381759796,25377433875
2016-07-05,23546358466707,24976706911
2016-07-05,23546358466707,24976706911
2016-07-06,23570710627735,24352161028
2016-07-06,23570710627735,24352161028
2016-07-07,23595015709531,24305081795
2016-07-07,23595015709531,24305081795
2016-07-08,23619260478272,24244768741
2016-07-08,23619260478272,24244768741
2016-07-09,23642798860830,23538382558
2016-07-10,23666683246697,23884385867
2016-07-11,23690546473374,23863226677
2016-07-12,23713659627230,23113153856
2016-07-13,23739446361283,25786734053
2016-07-14,23766787923697,27341562414
2016-07-15,23792862260565,26074336868
2016-07-16,23818864742058,26002481494
2016-07-17,23844685234527,25820492469
2016-07-18,23870812264979,26127030452
2016-07-19,23896999684729,26187419750
2016-07-20,23923162333694,26162648965
2016-07-21,23948959140420,25796806726
2016-07-22,23975795019068,26835878647
2016-07-23,24001926536329,26131517261
2016-07-24,24027823928931,25897392601
2016-07-25,24053290759342,25466830411
2016-07-26,24078294108594,25003349252
2016-07-27,24103376733269,25082624675
2016-07-28,24129608324066,26231590797
2016-07-29,24156586570339,26978246273
2016-07-30,24183415755365,26829185026
2016-07-31,24210970353781,27554598416
2016-08-01,24239362242633,28391888852
2016-08-02,24266555523304,27193280671
2016-08-03,24293474798547,26919275243
2016-08-04,24319168603172,25693804626
2016-08-05,24344951822349,25783219177
2016-08-06,24371089164958,26137342608
2016-08-07,24397477583744,26388418786
2016-08-08,24424135459142,26657875399
2016-08-09,24513533326749,
2016-08-10,24539314546027,25781219278
2016-08-11,24569599765351,26012881435
2016-08-15,24611084178268,
2016-08-16,24637827308656,26743130388
2016-08-17,24637827308656,
2016-08-18,24665335746130,27508437474
2016-09-02,25086825531274,
2016-09-03,25117678626160,30853094886
2016-09-04,25222767227551,
2016-09-05,25252396942315,29629714764
2016-09-11,25426259879881,
2016-09-12,25454695063450,28435183569
2016-09-20,25639577184458,
2016-09-21,25677894236187,38317051729
2016-09-22,25748282883462,
2016-09-23,25783683650482,35400767020
2016-09-30,26066083861333,
2016-10-12,26437922241006,
2016-10-13,26473520945623,35598704617
2016-10-14,26465170617938,
2016-10-15,26499543460590,34372842652
2016-10-19,26643274346792,
2016-10-20,26676377449111,33103102319
2016-10-24,26819226842250,
2016-10-25,26856141821570,36914979320
2016-10-28,26970380061870,
2016-10-29,27007139182071,36759120201
2016-10-31,27163476009167,
2016-11-12,27578102898301,
2016-11-13,27611991017896,33888119595
2016-11-14,27647149310745,35158292849
2016-11-15,26499543460590,34372842652
2016-11-20,27863489197099,
2016-11-21,27898969380424,35480183325
2016-11-22,27937060424081,
2016-11-23,27974050348487,36989924406
2016-11-27,28119345760271,
2016-11-28,28155651197230,36305436959
2016-11-30,28273110874263,
2016-12-05,28359131480476,
2016-12-06,28388128984806,28997504330
2016-12-14,28722327075306,
2016-12-31,29280661394958,
2017-01-31,30311211716823,
2017-02-28,31234134749541,
2017-03-31,32199680511661,
2017-04-25,32951948915936,
2017-04-26,32983690199397,31741283461
2017-04-30,33146716004122,
2017-05-30,34024330391433,
2017-05-31,34054111241873,29780850440
2017-06-10,34284695532073,
2017-06-18,34310872028287,
2017-06-19,34314326858701,3454830414
2017-06-22,34324051849030,
2017-06-23,34326904279838,2852430808
2017-06-29,34342615605250,
2017-06-30,34345930351733,3314746483
2017-07-01,34353151722665,3960222309
2017-07-09,34316663721471,
2017-07-10,34319719323551,3055602080
2017-07-22,34357300941221,
2017-07-23,34360447421666,3146480445
2017-07-31,34449638634864,
2017-08-01,34452354406203,2715771339
2017-08-20,34512706000567,
2017-08-31,34546852888039,
2017-09-01,34550077195910,3224307871
2017-09-08,34511127480957,
2017-09-09,34514569794774,3442313817
2017-10-01,34653929225231,
2017-10-02,34657786735605,3857510374
2017-10-13,34641654823555,
2017-10-14,34645339510984,3684687429
2017-10-20,34726770619653,
2017-10-31,34768672272369,
2017-11-01,34772620192720,3947920351
2017-11-30,34885852075843,
2017-12-01,34890053014448,
2017-12-02,34894636422293,4583407845
2017-12-27,35005088335539,
2017-12-31,35023146893541,
2018-01-02,35031526621564,
2018-01-03,35036159452306,4632830742
2018-01-29,35093614100644,
2018-01-30,35097734148904,4120048260
2018-01-31,35161775011752,
2018-02-02,35170651075257,
2018-02-03,35175125340309,4474265052
2018-02-26,35280518055607,
2018-02-28,35289566482038,
2018-03-05,35313837759971,
2018-03-06,35318773113228,4935353257
2018-03-31,35441103146826,
2018-04-05,35458557170185,
2018-04-06,35461501654494,2944484309
2018-04-30,35539726115161,
2018-05-07,35563976659924,
2018-05-08,35567999635149,4022975225
2018-05-31,35675094680416,
2018-06-07,35703201572230,
2018-06-08,35706747312377,3545740147
2018-06-30,35795601172977,
2018-07-01,35799454298076,
2018-07-08,35819948768613,
2018-07-09,35822119449041,2170680428
2018-07-21,35865438048434,
2018-07-22,35869044950105,3606901671
2018-07-31,35903388941148,
2018-08-09,35932924744520,
2018-08-10,35936734377351,3809632831
2018-08-16,35903535428095,
2018-08-17,35907308772052,3773343957
2018-08-31,36024961443995,
2018-12-28,36119949289761,
2018-12-29,36125885276289,5935986528
2018-12-31,36204652302787,
2019-01-31,36372598354099,
2019-02-01,36378287131447,5688777348
2019-02-02,36384057021175,5769889728
2019-02-03,36389620863744,5563842569
2019-02-04,36397018977052,7398113308
2019-02-05,36391851858846,-5167118206
2019-02-06,36397814597240,5962738394
2019-02-07,36404264093131,6449495891
2019-02-08,36409735588690,5471495559
2019-02-09,36416271120139,6535531449
2019-02-10,36421769871226,5498751087
2019-02-11,36427584322134,5814450908
2019-02-12,36433364443955,5780121821
2019-02-13,36438783949207,5419505252
2019-02-14,36444150213301,5366264094
2019-02-15,36451229828084,7079614784
2019-02-16,36456780229785,5550401701
2019-02-17,36462131214069,5350984283
2019-02-18,36467767615720,5636401651
2019-02-19,36473682061793,5914446074
2019-02-20,36479080896259,5398834466
2019-02-21,36484650345134,5569448875
2019-02-22,36489805474777,5155129642
2019-02-23,36496354939284,6549464508
2019-02-24,36501750805021,5395865736
2019-02-25,36507764263259,6013458238
2019-02-26,36513181361617,5417098358
2019-02-27,36518685725353,5504363736
2019-02-28,36523960166226,5274440873
2019-03-01,36529238104618,5277938393
2019-03-02,36535186998319,5948893700
2019-03-03,36540549712472,5362714153
2019-03-04,36546526630896,5976918424
2019-03-05,36552523760185,5997129289
2019-03-06,36557867409898,5343649713
2019-03-07,36563316849794,5449439896
2019-03-08,36568977685927,5660836133
2019-03-09,36574332594893,5354908966
2019-03-10,36580145252609,5812657716
2019-03-11,36585959703517,5814450908
2019-03-12,36591583866091,5624162574
2019-03-13,36597217245097,5633379006
2019-03-14,36602997366918,5780121821
2019-03-15,36608550273652,5552906735
2019-03-16,36614761925035,6211651382
2019-03-17,36620445346513,5683421478
2019-03-18,36626542842037,6097495524
2019-03-19,36632788159789,6245317752
2019-03-20,36639453542434,6665382645
2019-03-21,36645100021860,5646479426
2019-03-22,36650638684127,5538662267
2019-03-23,36656607216300,5968532173
2019-03-24,36662151415079,5544198779
2019-03-25,36668580862901,6429447822
2019-03-26,36674178255696,5597392795
2019-03-27,36680906718565,6728462869
2019-03-28,36686954807362,6048088797
2019-03-29,36692697506628,5742699266
2019-03-30,36698940695005,6243188377
2019-03-31,36704874554399,5933859393
